bh_id,n_rows,nonfinite_time,file_order_negative_dt,file_order_zero_dt,sorted_duplicate_dt,nonfinite_phi_or_bounds,invalid_window_bounds,unparseable_membership,membership_mismatches,t_min,t_max,t_span,median_dt,within_track_dt_cv,right_residence_file_order,right_residence_sorted,short_span_exposure,sparse_track_exposure,residence_order_difference
122593896062,30,0,0,0,0,0,0,0,0,0.9957150220870972,1.0,0.004284977912902832,0.0001479983329771839,0.002886613908045798,1.0,1.0,True,True,0.0
121016242958,1171,0,0,0,0,0,0,0,0,0.8338639736175537,1.0,0.1661360263824463,0.0001350045204163708,0.9934579318458245,0.3621310946076889,0.3621310946076889,False,False,0.0
115052826871,622,0,0,0,0,0,0,0,0,0.4407469928264618,0.5475500226020813,0.1068030297756195,0.0001450181007385254,2.4622198121909564,0.7103921489292541,0.7103921489292541,False,False,0.0
109196344950,4849,0,0,0,0,0,0,0,0,0.2895680069923401,1.0,0.7104319930076599,0.0001240372657775879,3.2374898548112685,0.4419846144049306,0.4419846144049306,False,False,0.0
112638842213,4409,0,0,0,0,0,0,0,0,0.3539569973945617,1.0,0.6460430026054382,0.0001285076141357422,2.9464944228581427,0.5290896513203536,0.5290896513203536,False,False,0.0
113737554444,4109,0,0,0,0,0,0,0,0,0.3867290019989013,1.0,0.6132709980010986,0.0001310110092163086,3.0047147594468644,0.5463951237148873,0.5463951237148873,False,False,0.0
119675572281,2298,0,0,0,0,0,0,0,0,0.6984249949455261,1.0,0.3015750050544739,0.0001240372657775879,1.0401705035460744,0.0,0.0,False,False,0.0
106312130896,579,0,0,0,0,0,0,0,0,0.1416279971599578,0.1993429958820343,0.0577149987220765,0.00010000169277188387,0.11949708627114933,0.007970178571244622,0.007970178571244622,False,False,0.0
119998357320,1944,0,0,0,0,0,0,0,0,0.7409319877624512,1.0,0.25906801223754883,0.00012701749801635742,1.0798250121016653,0.0,0.0,False,False,0.0
110205409004,4941,0,0,0,0,0,0,0,0,0.2793760001659393,1.0,0.7206239998340607,0.00012302398681640625,3.2313610723687076,0.3540885575920653,0.3540885575920653,False,False,0.0
106379457945,3426,0,0,0,0,0,0,0,0,0.5196359753608704,1.0,0.48036402463912964,0.00012999773025512695,0.9853941338932386,0.4743779478062933,0.4743779478062933,False,False,0.0
121480994850,980,0,0,0,0,0,0,0,0,0.8589280247688293,1.0,0.14107197523117065,0.00013703107833862305,1.0470434894892622,0.7600379416045695,0.7600379416045695,False,False,0.0
114035101968,4117,0,0,0,0,0,0,0,0,0.3866719901561737,1.0,0.6133280098438263,0.0001310110092163086,2.2638984399232056,0.3589795719341893,0.3589795719341893,False,False,0.0
113640315612,3903,0,0,0,0,0,0,0,0,0.4103260040283203,1.0,0.5896739959716797,0.00013297796249389648,3.043517299325104,0.1297005545690093,0.1297005545690093,False,False,0.0
105607367258,1828,0,0,0,0,0,0,0,0,0.23403300344944,0.4755490124225616,0.2415160089731216,9.998679161071777e-05,5.503889308948961,0.08978739642759836,0.08978739642759836,False,False,0.0
122227579967,227,0,0,0,0,0,0,0,0,0.966803014278412,1.0,0.033196985721588024,0.00014597177505482062,0.09133225705414592,0.04419223884242597,0.04419223884242597,True,False,0.0
119574832816,2547,0,0,0,0,0,0,0,0,0.6582599878311157,1.0,0.3417400121688843,0.0001240372657775879,1.1795586079724323,0.5406530383298311,0.5406530383298311,False,False,0.0
112474445581,2026,0,0,0,0,0,0,0,0,0.3436290025711059,0.6701099872589111,0.32648098468780523,0.00014099478721618652,3.799917260468597,0.2871018077416422,0.2871018077416422,False,False,0.0
104340129250,3314,0,0,0,0,0,0,0,0,0.5353339910507202,1.0,0.4646660089492798,0.0001289844512939453,1.0110724961398476,0.5529655576167781,0.5529655576167781,False,False,0.0
119474294265,2538,0,0,0,0,0,0,0,0,0.6582599878311157,1.0,0.3417400121688843,0.0001240372657775879,1.1864620782537405,0.19215477044695317,0.19215477044695317,False,False,0.0
108967686499,5395,0,0,0,0,0,0,0,0,0.2410680055618286,1.0,0.7589319944381714,0.00011998414993291684,3.2236814594195247,0.17761490315615677,0.17761490315615677,False,False,0.0
111630515811,4696,0,0,0,0,0,0,0,0,0.3261770009994507,1.0,0.6738229990005493,0.00012600421905517578,2.9049439428528436,0.33031664041545317,0.33031664041545317,False,False,0.0
112585716325,4409,0,0,0,0,0,0,0,0,0.3539569973945617,1.0,0.6460430026054382,0.0001285076141357422,2.9512812741080703,0.3471285067179455,0.3471285067179455,False,False,0.0
111739520203,4310,0,0,0,0,0,0,0,0,0.3644889891147613,1.0,0.6355110108852386,0.0001290440559387207,2.961196277026441,0.3659456849306176,0.3659456849306176,False,False,0.0
102199873248,428,0,0,0,0,0,0,0,0,0.1222800016403198,0.1655129939317703,0.0432329922914505,9.100139141079988e-05,0.2609044715648926,0.003377087026339786,0.003377087026339786,True,False,0.0
111735597425,4673,0,0,0,0,0,0,0,0,0.3261289894580841,1.0,0.6738710105419159,0.00012600421905517578,2.9062388434918622,0.20001110946051487,0.20001110946051487,False,False,0.0
109495762545,3039,0,0,0,0,0,0,0,0,0.2793760001659393,0.7453470230102539,0.46597102284431463,0.00011500716209411621,3.8466398034413114,0.34753107900773583,0.34753107900773583,False,False,0.0
115270194438,3764,0,0,0,0,0,0,0,0,0.4628869891166687,1.0,0.5371130108833313,0.0001329779624940075,1.362618979148015,0.026588509643655247,0.026588509643655247,False,False,0.0
113645976722,2479,0,0,0,0,0,0,0,0,0.3754439949989319,0.7641350030899048,0.3886910080909729,0.00013297796249389648,3.577573073408676,0.3013677182547317,0.3013677182547317,False,False,0.0
107039455292,1058,0,0,0,0,0,0,0,0,0.1960500031709671,0.296994000673294,0.10094399750232691,8.100271224970035e-05,1.4548453085750954,0.07435774685768796,0.07435774685768796,False,False,0.0
114832461741,2407,0,0,0,0,0,0,0,0,0.4408130049705505,0.7968369722366333,0.3560239672660828,0.0001340210437774103,1.6279669009077529,0.5717389874020001,0.5717389874020001,False,False,0.0
110568268632,4767,0,0,0,0,0,0,0,0,0.2964229881763458,1.0,0.7035770118236542,0.00012499094009399414,3.2430105336084236,0.35874319889926015,0.35874319889926015,False,False,0.0
110323813204,2298,0,0,0,0,0,0,0,0,0.2895039916038513,0.6565319895744324,0.36702799797058105,0.00012302398681640625,4.180134965204559,0.18252838556164244,0.18252838556164244,False,False,0.0
117998915908,2802,0,0,0,0,0,0,0,0,0.6205869913101196,1.0,0.37941300868988037,0.00012499094009399414,1.1235298311670951,0.45782872468342745,0.45782872468342745,False,False,0.0
110721309313,4851,0,0,0,0,0,0,0,0,0.2895250022411346,1.0,0.7104749977588654,0.0001240372657775879,3.236498087242599,0.41479421726510884,0.41479421726510884,False,False,0.0
120103997246,2295,0,0,0,0,0,0,0,0,0.6984249949455261,1.0,0.3015750050544739,0.0001240372657775879,1.1042106897905568,0.27325164158590787,0.27325164158590787,False,False,0.0
102624123212,1181,0,0,0,0,0,0,0,0,0.8338639736175537,1.0,0.1661360263824463,0.00013500452041625977,0.9773354665269336,0.10742331288343358,0.10742331288343358,False,False,0.0
100179111943,818,0,0,0,0,0,0,0,0,0.214138001203537,0.2865400016307831,0.0724020004272461,7.700920104980469e-05,1.3687261040276795,0.11151646820953375,0.11151646820953375,False,False,0.0
108106822389,5623,0,0,0,0,0,0,0,0,0.2205740064382553,1.0,0.7794259935617447,0.00011998414993286133,3.2070787116542157,0.2984577238961971,0.2984577238961971,False,False,0.0
100706181201,1854,0,0,0,0,0,0,0,0,0.2205740064382553,0.4594179987907409,0.2388439923524856,9.80198383331854e-05,5.590349368769981,0.20198160170331117,0.20198160170331117,False,False,0.0
111126699684,4695,0,0,0,0,0,0,0,0,0.3261289894580841,1.0,0.6738710105419159,0.00012600421905517578,2.9091732510863664,0.36093076050846856,0.36093076050846856,False,False,0.0
100853734448,1025,0,0,0,0,0,0,0,0,0.2080119997262954,0.3117280006408691,0.1037160009145737,8.001923561101743e-05,2.9209002933073296,0.037824145438181626,0.037824145438181626,False,False,0.0
109546353024,5128,0,0,0,0,0,0,0,0,0.2645600140094757,1.0,0.7354399859905243,0.00012201070785522461,3.22452064013253,0.22601401103063543,0.22601401103063543,False,False,0.0
120069279927,2307,0,0,0,0,0,0,0,0,0.6984249949455261,1.0,0.3015750050544739,0.0001240372657775879,1.0943009342049284,0.6244145522492033,0.6244145522492033,False,False,0.0
104916597823,5193,0,0,0,0,0,0,0,0,0.2557010054588318,1.0,0.7442989945411682,0.0001220107078551691,3.2260710994562496,0.09463577492750017,0.09463577492750017,False,False,0.0
103697964900,330,0,0,0,0,0,0,0,0,0.1259559988975525,0.1585090011358261,0.03255300223827362,8.800625801089201e-05,0.2739213583850657,0.12877489877986195,0.12877489877986195,True,False,0.0
119497530603,363,0,0,0,0,0,0,0,0,0.6984249949455261,0.7399590015411377,0.04153400659561157,0.00010603666305541992,1.0911257342437943,0.0,0.0,True,False,0.0
107852801567,5780,0,0,0,0,0,0,0,0,0.2019429951906204,1.0,0.7980570048093796,0.00012004375457763672,3.1735260056119134,0.16658969216903813,0.16658969216903813,False,False,0.0
122011069146,598,0,0,0,0,0,0,0,0,0.9112030267715454,1.0,0.08879697322845459,0.00014197826385486945,1.0390540925219693,0.24808191353541054,0.24808191353541054,False,False,0.0
103012207167,51,0,0,0,0,0,0,0,0,0.8096519708633423,0.815667986869812,0.0060160160064697266,0.00012004375457763672,0.00423575376284196,0.0,0.0,True,True,0.0
104711717421,1644,0,0,0,0,0,0,0,0,0.23403300344944,0.4440970122814178,0.2100640088319778,9.700655937200375e-05,5.900397201551014,0.12538074166301655,0.12538074166301655,False,False,0.0
114489576778,3918,0,0,0,0,0,0,0,0,0.4103260040283203,1.0,0.5896739959716797,0.00013297796249389648,2.3662965501967363,0.5082238730717846,0.5082238730717846,False,False,0.0
111077967557,4722,0,0,0,0,0,0,0,0,0.3091540038585663,1.0,0.6908459961414337,0.0001259446144104004,3.1806470789896224,0.3236811959132808,0.3236811959132808,False,False,0.0
114958366118,3874,0,0,0,0,0,0,0,0,0.4407469928264618,1.0,0.5592530071735382,0.00013297796249389648,1.4795445927751691,0.3753315473884756,0.3753315473884756,False,False,0.0
111632923649,4405,0,0,0,0,0,0,0,0,0.3539569973945617,1.0,0.6460430026054382,0.0001289844512939453,2.9100822851749273,0.47951046808397646,0.47951046808397646,False,False,0.0
122541153979,30,0,0,0,0,0,0,0,0,0.9957150220870972,1.0,0.004284977912902832,0.0001479983329771839,0.002886613908045798,0.8620809570176658,0.8620809570176658,True,True,0.0
107081548153,1250,0,0,0,0,0,0,0,0,0.1794900000095367,0.3007999956607818,0.12130999565124512,8.299946784973145e-05,1.3113746807113034,0.0624189286395131,0.0624189286395131,False,False,0.0
118295411043,1934,0,0,0,0,0,0,0,0,0.7409319877624512,1.0,0.25906801223754883,0.00012701749801635742,1.0949924099813453,0.24667037851667412,0.24667037851667412,False,False,0.0
106361479493,657,0,0,0,0,0,0,0,0,0.154786005616188,0.2286980003118515,0.07391199469566351,0.00011199712753290347,0.13994413420226998,0.037571444411963695,0.037571444411963695,False,False,0.0
106907015292,1374,0,0,0,0,0,0,0,0,0.16423100233078,0.298361986875534,0.134130984544754,8.40127468109686e-05,1.2414698334399117,0.023506734191144393,0.023506734191144393,False,False,0.0
115089698001,3843,0,0,0,0,0,0,0,0,0.4408130049705505,1.0,0.5591869950294495,0.00013300776481628418,1.4929041327544608,0.0,0.0,False,False,0.0
121175714165,799,0,0,0,0,0,0,0,0,0.8847450017929077,1.0,0.11525499820709229,0.00013899803161621094,0.9263538695929909,0.6929151897595089,0.6929151897595089,False,False,0.0
103487190184,4002,0,0,0,0,0,0,0,0,0.3983530104160309,1.0,0.6016469895839691,0.00013202428817749023,3.02565464531029,0.5375241920627492,0.5375241920627492,False,False,0.0
109990228306,4707,0,0,0,0,0,0,0,0,0.2793760001659393,0.9671069979667664,0.687730997800827,0.00012201070785522461,3.308098250084404,0.4321661983748519,0.4321661983748519,False,False,0.0
107935451213,2688,0,0,0,0,0,0,0,0,0.2410680055618286,0.6332579851150513,0.39218997955322266,0.00011301040649408511,4.277004411565527,0.24279323134123315,0.24279323134123315,False,False,0.0
112764992885,4308,0,0,0,0,0,0,0,0,0.3644889891147613,1.0,0.6355110108852386,0.00012999773025512695,2.9569333686426806,0.36547898536550744,0.36547898536550744,False,False,0.0
105781606585,5213,0,0,0,0,0,0,0,0,0.2019429951906204,0.9179909825325012,0.7160479873418808,0.0001170039176940918,3.3389377446816737,0.22534419011342247,0.22534419011342247,False,False,0.0
101997934588,4307,0,0,0,0,0,0,0,0,0.3261770009994507,0.9412360191345216,0.6150590181350709,0.0001224875450134555,3.0273832896543245,0.13879455891852915,0.13879455891852915,False,False,0.0
114348709660,3999,0,0,0,0,0,0,0,0,0.3983530104160309,1.0,0.6016469895839691,0.00013202428817749023,3.0220579755722405,0.5368083185179565,0.5368083185179565,False,False,0.0
118733768734,2901,0,0,0,0,0,0,0,0,0.6024789810180664,1.0,0.3975210189819336,0.00012505054473876953,1.0941032860420379,0.3652952275622492,0.3652952275622492,False,False,0.0
113579819665,4013,0,0,0,0,0,0,0,0,0.3983530104160309,1.0,0.6016469895839691,0.00013199448585510254,3.0117597505102336,0.5829190055856674,0.5829190055856674,False,False,0.0
101885781759,1967,0,0,0,0,0,0,0,0,0.23403300344944,0.4970029890537262,0.2629699856042862,0.00010201334953302554,5.253445415583058,0.1238538891681527,0.1238538891681527,False,False,0.0
114023613906,4114,0,0,0,0,0,0,0,0,0.3866719901561737,1.0,0.6133280098438263,0.0001310110092163086,2.997673323965675,0.10820606132992253,0.10820606132992253,False,False,0.0
109409595204,3277,0,0,0,0,0,0,0,0,0.2557010054588318,0.7441759705543518,0.48847496509552,0.00011101365089416504,3.836901851343835,0.2085425093804339,0.2085425093804339,False,False,0.0
113951025224,4111,0,0,0,0,0,0,0,0,0.3867290019989013,1.0,0.6132709980010986,0.0001310110092163086,3.000570726510535,0.3321106173789816,0.3321106173789816,False,False,0.0
108895162579,5297,0,0,0,0,0,0,0,0,0.2482399940490722,1.0,0.7517600059509277,0.00012099742889404297,3.224540757107966,0.22539837652349703,0.22539837652349703,False,False,0.0
109296906333,1045,0,0,0,0,0,0,0,0,0.3436290025711059,0.5128520131111145,0.1692230105400086,0.00011900067329401187,5.233177325994209,0.2170173481582674,0.2170173481582674,False,False,0.0
120840844224,1535,0,0,0,0,0,0,0,0,0.7860260009765625,1.0,0.2139739990234375,0.00013196468353271484,1.18293927195067,0.2424460038864691,0.2424460038864691,False,False,0.0
112657116815,4513,0,0,0,0,0,0,0,0,0.3436290025711059,1.0,0.656370997428894,0.00012797117233276367,2.927207248362763,0.20835604324633633,0.20835604324633633,False,False,0.0
109193620483,4312,0,0,0,0,0,0,0,0,0.3644889891147613,1.0,0.6355110108852386,0.0001290440559387207,2.967913154295977,0.40689402294884447,0.40689402294884447,False,False,0.0
102365021776,70,0,0,0,0,0,0,0,0,0.5514249801635742,0.562720000743866,0.011295020580291748,0.00016498565673828125,0.06379311777976308,0.0,0.0,True,True,0.0
115309660537,3868,0,0,0,0,0,0,0,0,0.4407469928264618,1.0,0.5592530071735382,0.0001329779624940075,1.483383320571675,0.42955016667095536,0.42955016667095536,False,False,0.0
112282033313,3711,0,0,0,0,0,0,0,0,0.4103260040283203,0.9698500037193298,0.5595239996910095,0.0001310110092163086,3.1118378777868156,0.3120307267673031,0.3120307267673031,False,False,0.0
107074124497,5880,0,0,0,0,0,0,0,0,0.1903290003538131,1.0,0.8096709996461869,0.00011998414993286133,3.152412193732374,0.258370820534214,0.258370820534214,False,False,0.0
109535994901,5194,0,0,0,0,0,0,0,0,0.2557010054588318,1.0,0.7442989945411682,0.0001220107078551691,3.227599203640148,0.14063676073183634,0.14063676073183634,False,False,0.0
120592264239,1933,0,0,0,0,0,0,0,0,0.7409319877624512,1.0,0.25906801223754883,0.00012701749801635742,1.0995266158606547,0.8503750195562333,0.8503750195562333,False,False,0.0
118906829947,2112,0,0,0,0,0,0,0,0,0.7193120121955872,1.0,0.28068798780441284,0.00012600421905517578,1.1231651507701552,0.4172747895963674,0.4172747895963674,False,False,0.0
109038584267,725,0,0,0,0,0,0,0,0,0.2410680055618286,0.3287959992885589,0.08772799372673029,8.100271224970035e-05,5.2693022386357375,0.14046801553031107,0.14046801553031107,False,False,0.0
114895593390,3868,0,0,0,0,0,0,0,0,0.4407469928264618,1.0,0.5592530071735382,0.00013297796249389648,1.4829583765896321,0.5463879113371157,0.5463879113371157,False,False,0.0
105472644062,3179,0,0,0,0,0,0,0,0,0.2712230086326599,0.7506639957427979,0.47944098711013794,0.00011298060417178069,3.8292606732717696,0.2645281982076629,0.2645281982076629,False,False,0.0
111064284210,3286,0,0,0,0,0,0,0,0,0.3091540038585663,0.7988449931144714,0.48969098925590515,0.00011599063873291016,3.669295028887546,0.28929568154150737,0.28929568154150737,False,False,0.0
122524906682,30,0,0,0,0,0,0,0,0,0.9957150220870972,1.0,0.004284977912902832,0.0001479983329771839,0.002886613908045798,0.0,0.0,True,True,0.0
106382752663,490,0,0,0,0,0,0,0,0,0.1416279971599578,0.1895979940891266,0.047969996929168784,9.700655937189273e-05,0.12514645290137838,0.10806712947144147,0.10806712947144147,True,False,0.0
114256726644,3230,0,0,0,0,0,0,0,0,0.5514249801635742,1.0,0.4485750198364258,0.00012797117233276367,1.0181275359437985,0.20441784571556157,0.20441784571556157,False,False,0.0
109936154082,4939,0,0,0,0,0,0,0,0,0.2793760001659393,1.0,0.7206239998340607,0.0001239776611328125,3.2323608514300273,0.31383711807327414,0.31383711807327414,False,False,0.0
113519460112,4205,0,0,0,0,0,0,0,0,0.3754439949989319,1.0,0.6245560050010681,0.0001309812068939764,2.986589044885754,0.2124663984491401,0.2124663984491401,False,False,0.0
119490051871,2416,0,0,0,0,0,0,0,0,0.6780449748039246,1.0,0.32195502519607544,0.0001239776611328125,1.2332237715030188,0.20763771753411905,0.20763771753411905,False,False,0.0
105484183042,36,0,0,0,0,0,0,0,0,0.3983530104160309,0.4023880064487457,0.004034996032714844,0.00011900067329401187,0.1656124282598156,0.0,0.0,True,True,0.0
100436478249,2578,0,0,0,0,0,0,0,0,0.1691669970750808,0.5011969804763794,0.33202998340129863,0.00010600686073308774,4.752599261176442,0.06748184814260691,0.06748184814260691,False,False,0.0
106592018907,1181,0,0,0,0,0,0,0,0,0.1847749948501587,0.299001008272171,0.11422601342201233,8.201599121088199e-05,1.3509819481618377,0.14465171445649874,0.14465171445649874,False,False,0.0
113768351032,4011,0,0,0,0,0,0,0,0,0.3983530104160309,1.0,0.6016469895839691,0.00013199448585510254,3.016686922836289,0.306664385434796,0.306664385434796,False,False,0.0
115129537924,3560,0,0,0,0,0,0,0,0,0.4898250102996826,1.0,0.5101749897003174,0.0001310110092163086,1.4049936074932736,0.6768225989086039,0.6768225989086039,False,False,0.0
120546791457,1944,0,0,0,0,0,0,0,0,0.7409319877624512,1.0,0.25906801223754883,0.00012701749801635742,1.0904347492046162,0.5767071442375834,0.5767071442375834,False,False,0.0
118453510033,977,0,0,0,0,0,0,0,0,0.8589280247688293,1.0,0.14107197523117065,0.00013703107833862305,1.0544769938270275,0.0,0.0,False,False,0.0
111070818948,4690,0,0,0,0,0,0,0,0,0.3261770009994507,1.0,0.6738229990005493,0.00012600421905517578,2.9079489393588154,0.30484820087335746,0.30484820087335746,False,False,0.0
108432601683,5170,0,0,0,0,0,0,0,0,0.2272039949893951,0.9392949938774108,0.7120909988880156,0.0001170039176940918,3.3408093528323244,0.0,0.0,False,False,0.0
114358680988,3808,0,0,0,0,0,0,0,0,0.4483169913291931,1.0,0.5516830086708069,0.00013303756713867188,1.4993795296146464,0.5231445362616897,0.5231445362616897,False,False,0.0
109131315324,5293,0,0,0,0,0,0,0,0,0.2482399940490722,1.0,0.7517600059509277,0.00012099742889404297,3.226283624912638,0.2669375235878239,0.2669375235878239,False,False,0.0
111543972545,4690,0,0,0,0,0,0,0,0,0.3261289894580841,1.0,0.6738710105419159,0.00012600421905517578,2.9139794388226443,0.34182346138505076,0.34182346138505076,False,False,0.0
120551410822,1740,0,0,0,0,0,0,0,0,0.7632030248641968,1.0,0.23679697513580322,0.0001290440559387207,1.1272459077299397,0.7753351923105026,0.7753351923105026,False,False,0.0
103305446134,1040,0,0,0,0,0,0,0,0,0.16423100233078,0.2677220106124878,0.10349100828170779,0.00010000169277191162,1.0809087963143038,0.11158440607017765,0.11158440607017765,False,False,0.0
108964291830,5130,0,0,0,0,0,0,0,0,0.2645600140094757,1.0,0.7354399859905243,0.00012201070785522461,3.2247094383212045,0.10136923163019157,0.10136923163019157,False,False,0.0
105711519262,5294,0,0,0,0,0,0,0,0,0.2482399940490722,1.0,0.7517600059509277,0.00012099742889404297,3.226012717796587,0.1823944454839847,0.1823944454839847,False,False,0.0
106940358704,1560,0,0,0,0,0,0,0,0,0.1847749948501587,0.3595840036869049,0.17480900883674622,8.800625801080875e-05,3.8629640317935743,0.20548733406903172,0.20548733406903172,False,False,0.0
119384740383,2537,0,0,0,0,0,0,0,0,0.6582599878311157,1.0,0.3417400121688843,0.0001240372657775879,1.189376155955272,0.671595058190134,0.671595058190134,False,False,0.0
117691295845,2907,0,0,0,0,0,0,0,0,0.6024789810180664,1.0,0.3975210189819336,0.00012505054473876953,1.079850385993557,0.16154673596733365,0.16154673596733365,False,False,0.0
102586772904,4719,0,0,0,0,0,0,0,0,0.3091540038585663,1.0,0.6908459961414337,0.00012549757957458496,3.1856828918456968,0.17108909925803276,0.17108909925803276,False,False,0.0
110454849409,4935,0,0,0,0,0,0,0,0,0.2793760001659393,1.0,0.7206239998340607,0.0001239776611328125,3.232755573371695,0.18151383725041034,0.18151383725041034,False,False,0.0
112850402901,4316,0,0,0,0,0,0,0,0,0.3645960092544555,1.0,0.6354039907455444,0.0001290440559387207,2.955500125627942,0.3618102569249872,0.3618102569249872,False,False,0.0
107066572512,2281,0,0,0,0,0,0,0,0,0.2019429951906204,0.5012239813804626,0.2992809861898422,0.00010499358177179507,4.9623597183560095,0.25906127076592583,0.25906127076592583,False,False,0.0
116715909373,3228,0,0,0,0,0,0,0,0,0.5514249801635742,1.0,0.4485750198364258,0.00012797117233276367,1.0217367600019123,0.3330902596919411,0.3330902596919411,False,False,0.0
112934064100,4205,0,0,0,0,0,0,0,0,0.3754439949989319,1.0,0.6245560050010681,0.00013099610805511475,2.9845040557483693,0.5545916703560332,0.5545916703560332,False,False,0.0
105570472241,881,0,0,0,0,0,0,0,0,0.2793760001659393,0.3937790095806122,0.11440300941467291,0.00010201334953313657,4.36138521259191,0.17968009194712456,0.17968009194712456,False,False,0.0
119617457923,2297,0,0,0,0,0,0,0,0,0.6984249949455261,1.0,0.3015750050544739,0.0001240372657775879,1.0988044073870598,0.5229308151314253,0.5229308151314253,False,False,0.0
115416578553,85,0,0,0,0,0,0,0,0,0.7860260009765625,0.795753002166748,0.009727001190185547,0.0001170039176940918,0.10506774643223558,0.0,0.0,True,True,0.0
109714766159,5033,0,0,0,0,0,0,0,0,0.2712230086326599,1.0,0.7287769913673401,0.00012296438217163086,3.230295842054438,0.3242248268544142,0.3242248268544142,False,False,0.0
108322557191,2894,0,0,0,0,0,0,0,0,0.2205740064382553,0.6298679709434509,0.4092939645051956,0.00011101365089416504,4.259274915191434,0.2204265566709575,0.2204265566709575,False,False,0.0
103150532881,4722,0,0,0,0,0,0,0,0,0.3091540038585663,1.0,0.6908459961414337,0.0001259446144104004,3.1813073686496005,0.2639186625049202,0.2639186625049202,False,False,0.0
102022446366,1097,0,0,0,0,0,0,0,0,0.2205740064382553,0.3423210084438324,0.12174700200557709,8.100271224981137e-05,4.6428643266352285,0.32102640501827095,0.32102640501827095,False,False,0.0
111756906002,4689,0,0,0,0,0,0,0,0,0.3261770009994507,1.0,0.6738229990005493,0.00012600421905517578,2.9079710308972104,0.1865487841792845,0.1865487841792845,False,False,0.0
120780806701,1337,0,0,0,0,0,0,0,0,0.8096519708633423,1.0,0.19034802913665771,0.0001339912414549671,1.2469829087993545,0.6279438611433826,0.6279438611433826,False,False,0.0
117026342890,3484,0,0,0,0,0,0,0,0,0.5101820230484009,1.0,0.4898179769515991,0.0001309514045715332,0.9764244135925022,0.2093224181415404,0.2093224181415404,False,False,0.0
118012580316,3122,0,0,0,0,0,0,0,0,0.5678309798240662,1.0,0.43216902017593384,0.00012695789337158203,1.0434708544586535,0.0,0.0,False,False,0.0
113703007795,4099,0,0,0,0,0,0,0,0,0.3867290019989013,1.0,0.6132709980010986,0.0001310110092163086,3.005153930523804,0.44788812885242213,0.44788812885242213,False,False,0.0
110038587724,5036,0,0,0,0,0,0,0,0,0.2712230086326599,1.0,0.7287769913673401,0.00012296438217163086,3.230908365183065,0.323174106427585,0.323174106427585,False,False,0.0
117467081290,3108,0,0,0,0,0,0,0,0,0.5678309798240662,1.0,0.43216902017593384,0.00012701749801635742,1.0549589627113711,0.4444535777970158,0.4444535777970158,False,False,0.0
117059164459,3421,0,0,0,0,0,0,0,0,0.5197129845619202,1.0,0.48028701543807983,0.00012999773025512695,0.9867072178103287,0.5296601003812489,0.5296601003812489,False,False,0.0
121544558910,976,0,0,0,0,0,0,0,0,0.8589280247688293,1.0,0.14107197523117065,0.00013703107833862305,1.0456189876597872,0.4950031582794352,0.4950031582794352,False,False,0.0
110254077647,4775,0,0,0,0,0,0,0,0,0.2964229881763458,1.0,0.7035770118236542,0.00012499094009399414,3.2329904014398356,0.3156441423752081,0.3156441423752081,False,False,0.0
104885772064,4942,0,0,0,0,0,0,0,0,0.2793760001659393,1.0,0.7206239998340607,0.00012302398681640625,3.232133252445825,0.13722834150305915,0.13722834150305915,False,False,0.0
102339335842,603,0,0,0,0,0,0,0,0,0.9112030267715454,1.0,0.08879697322845459,0.00014197826385486945,1.012001226807918,0.0,0.0,False,False,0.0
108954047635,1062,0,0,0,0,0,0,0,0,0.3754439949989319,0.5636839866638184,0.18823999166488647,0.00014001131057739258,4.746328446673732,0.1998774279695375,0.1998774279695375,False,False,0.0
112341744136,4617,0,0,0,0,0,0,0,0,0.3336020112037658,1.0,0.6663979887962341,0.00012600421905517578,2.916703189071058,0.29962640547398783,0.29962640547398783,False,False,0.0
106940836576,2748,0,0,0,0,0,0,0,0,0.1742520034313202,0.5436620116233826,0.3694100081920624,0.00010901689529413394,4.462624740551788,0.12672932891006064,0.12672932891006064,False,False,0.0
106699480432,466,0,0,0,0,0,0,0,0,0.1502700001001358,0.1982980072498321,0.048028007149696295,0.00010199844837191496,0.1267661634873297,0.060672860487019545,0.060672860487019545,True,False,0.0
107248728296,2880,0,0,0,0,0,0,0,0,0.1794900000095367,0.5729089975357056,0.3934189975261689,0.00011199712753287572,4.411440752048286,0.053787980881074886,0.053787980881074886,False,False,0.0
110409834502,1790,0,0,0,0,0,0,0,0,0.3091540038585663,0.5980790257453918,0.28892502188682556,0.00012299418449401855,4.533010436152753,0.2939649076842383,0.2939649076842383,False,False,0.0
116094503755,3662,0,0,0,0,0,0,0,0,0.4756720066070556,1.0,0.5243279933929443,0.00013202428817749023,1.3846997548510571,0.6601077396187943,0.6601077396187943,False,False,0.0
110084274731,477,0,0,0,0,0,0,0,0,0.2895680069923401,0.3579759895801544,0.06840798258781433,9.900331497192383e-05,5.263808271944223,0.6916895640002041,0.6916895640002041,False,False,0.0
106053721641,848,0,0,0,0,0,0,0,0,0.1086200028657913,0.2000450044870376,0.0914250016212463,0.00010299682617190276,0.20470756455073416,0.058966627919031955,0.058966627919031955,False,False,0.0
119623065799,2109,0,0,0,0,0,0,0,0,0.7193120121955872,1.0,0.28068798780441284,0.00012600421905517578,1.1283726255069988,0.8585406790973278,0.8585406790973278,False,False,0.0
111771984189,4615,0,0,0,0,0,0,0,0,0.3336020112037658,1.0,0.6663979887962341,0.00012600421905517578,2.9205002007977163,0.4165118780770086,0.4165118780770086,False,False,0.0
107690924678,5393,0,0,0,0,0,0,0,0,0.2410680055618286,1.0,0.7589319944381714,0.00011999905109405518,3.22462469702955,0.23824287275836192,0.23824287275836192,False,False,0.0
114672097800,3812,0,0,0,0,0,0,0,0,0.4482499957084656,1.0,0.5517500042915344,0.00013303756713867188,1.488780188086825,0.6256017044281563,0.6256017044281563,False,False,0.0
109041940428,5391,0,0,0,0,0,0,0,0,0.2410680055618286,1.0,0.7589319944381714,0.00012001395225527678,3.227143371244904,0.19560622177459433,0.19560622177459433,False,False,0.0
107392478633,5495,0,0,0,0,0,0,0,0,0.23403300344944,1.0,0.76596699655056,0.00011998414993286133,3.2247831340519473,0.20072335998700597,0.20072335998700597,False,False,0.0
112535939607,4173,0,0,0,0,0,0,0,0,0.3539569973945617,0.9653900265693665,0.6114330291748047,0.00012600421905517578,3.027924282992917,0.2836027647886401,0.2836027647886401,False,False,0.0
105488294470,2800,0,0,0,0,0,0,0,0,0.6204959750175476,1.0,0.3795040249824524,0.00012499094009399414,1.122791332549232,0.634487933996133,0.634487933996133,False,False,0.0
100403095805,4723,0,0,0,0,0,0,0,0,0.3091079890727997,1.0,0.6908920109272003,0.00012505054473876953,3.182728013619735,0.3559178222838773,0.3559178222838773,False,False,0.0
104380871131,2173,0,0,0,0,0,0,0,0,0.2205740064382553,0.5163570046424866,0.29578299820423126,0.000102996826171875,5.095269155604799,0.11083766115703306,0.11083766115703306,False,False,0.0
113400006215,3752,0,0,0,0,0,0,0,0,0.4628869891166687,1.0,0.5371130108833313,0.00013303756713867188,1.3808222441242406,0.5099383981886677,0.5099383981886677,False,False,0.0
106408151304,3798,0,0,0,0,0,0,0,0,0.4483169913291931,1.0,0.5516830086708069,0.00013303756713867188,1.4988843448109832,0.3545189696516911,0.3545189696516911,False,False,0.0
107654191388,1973,0,0,0,0,0,0,0,0,0.2080119997262954,0.4644660055637359,0.2564540058374405,0.00010001659393310547,5.3882673731957915,0.12855727345722537,0.12855727345722537,False,False,0.0
111242525371,4617,0,0,0,0,0,0,0,0,0.3336020112037658,1.0,0.6663979887962341,0.00012600421905517578,2.9164343499838274,0.26368932040571624,0.26368932040571624,False,False,0.0
117463327668,3313,0,0,0,0,0,0,0,0,0.5353339910507202,1.0,0.4646660089492798,0.0001289844512939453,1.0060644468652864,0.0,0.0,False,False,0.0
115910700227,3308,0,0,0,0,0,0,0,0,0.5353339910507202,1.0,0.4646660089492798,0.0001289844512939453,1.0131566993568333,0.0,0.0,False,False,0.0
108268498421,631,0,0,0,0,0,0,0,0,0.2793760001659393,0.3653799891471863,0.086003988981247,9.900331497186832e-05,4.89385073214675,0.13592382048052146,0.13592382048052146,False,False,0.0
120440166044,1943,0,0,0,0,0,0,0,0,0.7409319877624512,1.0,0.25906801223754883,0.00012701749801635742,1.09703232629794,0.5908964577907428,0.5908964577907428,False,False,0.0
106799761314,4107,0,0,0,0,0,0,0,0,0.3867290019989013,1.0,0.6132709980010986,0.0001310110092163086,3.004000965113938,0.33805736817449566,0.33805736817449566,False,False,0.0
112072911942,1607,0,0,0,0,0,0,0,0,0.3436290025711059,0.6021270155906677,0.2584980130195618,0.00013650953769683838,4.265395052750459,0.5054151870112982,0.5054151870112982,False,False,0.0
121637732930,981,0,0,0,0,0,0,0,0,0.8589280247688293,1.0,0.14107197523117065,0.00013703107833862305,1.047348184172312,0.716733810913075,0.716733810913075,False,False,0.0
110121630424,4940,0,0,0,0,0,0,0,0,0.2793760001659393,1.0,0.7206239998340607,0.0001239776611328125,3.2332413858819793,0.3319665498889608,0.3319665498889608,False,False,0.0
112236586657,2671,0,0,0,0,0,0,0,0,0.4103260040283203,0.8282120227813721,0.41788601875305176,0.00012201070785522461,3.503984333258406,0.0,0.0,False,False,0.0
111836464583,4694,0,0,0,0,0,0,0,0,0.3261770009994507,1.0,0.6738229990005493,0.00012600421905517578,2.9089294223950732,0.2624943895880647,0.2624943895880647,False,False,0.0
113003754824,1553,0,0,0,0,0,0,0,0,0.3539569973945617,0.6115570068359375,0.2576000094413758,0.00014001131057739258,4.220432925334766,0.16714648095439466,0.16714648095439466,False,False,0.0
116772374048,3430,0,0,0,0,0,0,0,0,0.5196359753608704,1.0,0.48036402463912964,0.0001290440559387207,0.980863529554216,0.34684721294535087,0.34684721294535087,False,False,0.0
106045659978,1686,0,0,0,0,0,0,0,0,0.1416279971599578,0.3261829912662506,0.1845549941062928,8.702278137212582e-05,3.672422999523051,0.017555926892545624,0.017555926892545624,False,False,0.0
122119411079,401,0,0,0,0,0,0,0,0,0.93859201669693,1.0,0.06140798330306996,0.00014400482177723273,1.2269035641620354,0.7690853235364056,0.7690853235364056,False,False,0.0
120071992039,2314,0,0,0,0,0,0,0,0,0.6984249949455261,1.0,0.3015750050544739,0.0001240372657775879,1.0915735439129832,0.36914441074165893,0.36914441074165893,False,False,0.0
110694975207,1745,0,0,0,0,0,0,0,0,0.2895680069923401,0.5724319815635681,0.282863974571228,0.00011900067329406738,4.731376079017356,0.15036201421506343,0.15036201421506343,False,False,0.0
120756398791,801,0,0,0,0,0,0,0,0,0.8847450017929077,1.0,0.11525499820709229,0.00013899803161621094,0.9103657463385879,0.49493705712178293,0.49493705712178293,False,False,0.0
118789050478,2651,0,0,0,0,0,0,0,0,0.6392409801483154,1.0,0.36075901985168457,0.00012499094009399414,1.16712650500994,0.0,0.0,False,False,0.0
118434539308,2983,0,0,0,0,0,0,0,0,0.5848979949951172,1.0,0.4151020050048828,0.00012695789337158203,1.0741109971027212,0.5028478275353465,0.5028478275353465,False,False,0.0
104923452897,774,0,0,0,0,0,0,0,0,0.2205740064382553,0.2896749973297119,0.0691009908914566,7.599592208867856e-05,1.8087910691845601,0.07170611967466457,0.07170611967466457,False,False,0.0
116803034834,3485,0,0,0,0,0,0,0,0,0.5101820230484009,1.0,0.4898179769515991,0.0001309514045715332,0.9765966503543233,0.6216678660981759,0.6216678660981759,False,False,0.0
104515532964,1478,0,0,0,0,0,0,0,0,0.2557010054588318,0.4695490002632141,0.21384799480438232,0.00010398030281072446,5.595842597993186,0.05661518813615428,0.05661518813615428,False,False,0.0
119742573461,2102,0,0,0,0,0,0,0,0,0.7193120121955872,1.0,0.28068798780441284,0.00012600421905517578,1.133390602400606,0.03171136781631777,0.03171136781631777,False,False,0.0
112910046520,4396,0,0,0,0,0,0,0,0,0.3539569973945617,1.0,0.6460430026054382,0.0001289844512939453,2.9389189714375195,0.0,0.0,False,False,0.0
118823977666,2805,0,0,0,0,0,0,0,0,0.6205869913101196,1.0,0.37941300868988037,0.00012499094009399414,1.1203036081743183,0.3905940371634946,0.3905940371634946,False,False,0.0
106338323854,739,0,0,0,0,0,0,0,0,0.16423100233078,0.2417200058698654,0.07748900353908539,0.00010999292135234484,0.21153004543988677,0.037050312882255215,0.037050312882255215,False,False,0.0
118209556457,2898,0,0,0,0,0,0,0,0,0.6024789810180664,1.0,0.3975210189819336,0.0001259446144104004,1.096709616046659,0.504717589382746,0.504717589382746,False,False,0.0
112270650724,4595,0,0,0,0,0,0,0,0,0.3336020112037658,1.0,0.6663979887962341,0.00012695789337158203,2.9151090792023644,0.0,0.0,False,False,0.0
113499549292,4004,0,0,0,0,0,0,0,0,0.3983530104160309,1.0,0.6016469895839691,0.00013202428817749023,3.0239372614975477,0.4334517225967228,0.4334517225967228,False,False,0.0
119989324191,2307,0,0,0,0,0,0,0,0,0.6984249949455261,1.0,0.3015750050544739,0.0001240372657775879,1.0926558830454816,0.5983167802760286,0.5983167802760286,False,False,0.0
106864053188,1692,0,0,0,0,0,0,0,0,0.1794900000095367,0.3680819869041443,0.1885919868946076,9.199976921081543e-05,3.719315544705799,0.150404063022422,0.150404063022422,False,False,0.0
122171716761,30,0,0,0,0,0,0,0,0,0.9957150220870972,1.0,0.004284977912902832,0.0001479983329771839,0.002886613908045798,0.0,0.0,True,True,0.0
108181586687,5622,0,0,0,0,0,0,0,0,0.2205740064382553,1.0,0.7794259935617447,0.00011998414993286133,3.207635388865942,0.14906443654029056,0.14906443654029056,False,False,0.0
112050365554,4690,0,0,0,0,0,0,0,0,0.3261770009994507,1.0,0.6738229990005493,0.00012600421905517578,2.9120671261622713,0.2942022617854937,0.2942022617854937,False,False,0.0
121064246565,598,0,0,0,0,0,0,0,0,0.9112030267715454,1.0,0.08879697322845459,0.00014197826385486945,1.0390540925219693,0.0,0.0,False,False,0.0
113190292013,4318,0,0,0,0,0,0,0,0,0.3645960092544555,1.0,0.6354039907455444,0.0001290440559387207,2.956057192992048,0.4493177027684931,0.4493177027684931,False,False,0.0
101120096044,2503,0,0,0,0,0,0,0,0,0.1336410045623779,0.4047819972038269,0.271140992641449,9.79900360107977e-05,3.140806821708115,0.10161126940018199,0.10161126940018199,False,False,0.0
113297398031,4312,0,0,0,0,0,0,0,0,0.3644889891147613,1.0,0.6355110108852386,0.0001290440559387207,2.9597182408254072,0.5165195092095066,0.5165195092095066,False,False,0.0
106592682080,2183,0,0,0,0,0,0,0,0,0.1458850055932998,0.383336991071701,0.23745198547840118,9.700655937200375e-05,3.2394034707476402,0.12599593614938728,0.12599593614938728,False,False,0.0
107944557999,5578,0,0,0,0,0,0,0,0,0.2272039949893951,1.0,0.7727960050106049,0.00011903047561645508,3.215101408527317,0.5378580341603143,0.5378580341603143,False,False,0.0
108225653416,2443,0,0,0,0,0,0,0,0,0.214138001203537,0.5507820248603821,0.3366440236568451,0.00010702013969421387,4.745289034361255,0.37254529276510007,0.37254529276510007,False,False,0.0
107458357488,1372,0,0,0,0,0,0,0,0,0.2019429951906204,0.3549149930477142,0.15297199785709378,8.40127468109686e-05,4.11908571781671,0.30976203749604186,0.30976203749604186,False,False,0.0
116449885912,3568,0,0,0,0,0,0,0,0,0.4898250102996826,1.0,0.5101749897003174,0.0001310110092163086,1.3997926815732098,0.0,0.0,False,False,0.0
110615827332,2400,0,0,0,0,0,0,0,0,0.3261289894580841,0.7002120018005371,0.374083012342453,0.00013399124145507812,3.6326033036758187,0.4670978493473188,0.4670978493473188,False,False,0.0
106996517016,1358,0,0,0,0,0,0,0,0,0.1691669970750808,0.309451013803482,0.1402840167284012,8.401274681091309e-05,2.155053017171371,0.20093547040826817,0.20093547040826817,False,False,0.0
107952375534,5580,0,0,0,0,0,0,0,0,0.2272039949893951,1.0,0.7727960050106049,0.00011903047561645508,3.2185334485626913,0.24211347917650441,0.24211347917650441,False,False,0.0
118474230962,2805,0,0,0,0,0,0,0,0,0.6204959750175476,1.0,0.3795040249824524,0.00012499094009399414,1.1182563028559387,0.27185743536891116,0.27185743536891116,False,False,0.0
109488668318,5192,0,0,0,0,0,0,0,0,0.2557010054588318,1.0,0.7442989945411682,0.0001220107078551691,3.2263268737318236,0.43424556938608844,0.43424556938608844,False,False,0.0
109782041171,5037,0,0,0,0,0,0,0,0,0.2645600140094757,0.9878039956092834,0.7232439815998077,0.00012198090553289243,3.2547967034720195,0.3046264014470754,0.3046264014470754,False,False,0.0
106268696621,854,0,0,0,0,0,0,0,0,0.1594389975070953,0.2464130073785781,0.0869740098714828,0.00010599195957181062,0.22286751089278903,0.08047249768577114,0.08047249768577114,False,False,0.0
107155804507,1893,0,0,0,0,0,0,0,0,0.214138001203537,0.4527280032634735,0.23859000205993652,9.900331497192383e-05,5.571273620395407,0.04144801137981605,0.04144801137981605,False,False,0.0
109746381473,1550,0,0,0,0,0,0,0,0,0.2645600140094757,0.4895389974117279,0.2249789834022522,0.00010699033737182617,5.408480069827386,0.4125587061245679,0.4125587061245679,False,False,0.0
112258634339,4219,0,0,0,0,0,0,0,0,0.3754439949989319,1.0,0.6245560050010681,0.0001309514045715332,2.971779661395973,0.2567102656143723,0.2567102656143723,False,False,0.0
106558603047,2402,0,0,0,0,0,0,0,0,0.154786005616188,0.4469949901103973,0.2922089844942093,0.00010100007057189941,4.223906493769856,0.07522346082545461,0.07522346082545461,False,False,0.0
112650534787,3496,0,0,0,0,0,0,0,0,0.3436290025711059,0.8551369905471802,0.5115079879760742,0.00011903047561645508,3.279980681391563,0.10921445451240339,0.10921445451240339,False,False,0.0
106764607626,6175,0,0,0,0,0,0,0,0,0.1594389975070953,1.0,0.8405610024929047,0.00011801719665527344,3.1114005395633053,0.4296694961986087,0.4296694961986087,False,False,0.0
115507836150,3820,0,0,0,0,0,0,0,0,0.4482499957084656,1.0,0.5517500042915344,0.00013300776481628418,1.4825787673730366,0.7895014588689051,0.7895014588689051,False,False,0.0
113452109400,3872,0,0,0,0,0,0,0,0,0.4407469928264618,1.0,0.5592530071735382,0.00013297796249389648,1.4832300093835251,0.0,0.0,False,False,0.0
112652006856,4317,0,0,0,0,0,0,0,0,0.3644889891147613,1.0,0.6355110108852386,0.0001290440559387207,2.9664163643174812,0.478424828942088,0.478424828942088,False,False,0.0
115105665472,3867,0,0,0,0,0,0,0,0,0.4408130049705505,1.0,0.5591869950294495,0.0001329779624940075,1.480853817281873,0.0,0.0,False,False,0.0
110753063737,4764,0,0,0,0,0,0,0,0,0.2964229881763458,1.0,0.7035770118236542,0.00012499094009399414,3.2520769563143737,0.0,0.0,False,False,0.0
110847073774,4414,0,0,0,0,0,0,0,0,0.3091540038585663,0.9548609852790833,0.645706981420517,0.00012296438217163086,3.28549312277169,0.36646010808198093,0.36646010808198093,False,False,0.0
111758727706,3180,0,0,0,0,0,0,0,0,0.3261770009994507,0.7894160151481628,0.46323901414871216,0.0001150369644165039,3.3951496117343862,0.6731217915503117,0.6731217915503117,False,False,0.0
107365915383,3886,0,0,0,0,0,0,0,0,0.1847749948501587,0.7295560240745544,0.5447810292243958,0.00011199712753298674,3.3535408890348615,0.09936491162001752,0.09936491162001752,False,False,0.0
108767838018,5399,0,0,0,0,0,0,0,0,0.2410680055618286,1.0,0.7589319944381714,0.00012001395225522127,2.5609489281647004,0.44433841005167357,0.44433841005167357,False,False,0.0
105601880822,2939,0,0,0,0,0,0,0,0,0.1594389975070953,0.5498039722442627,0.39036497473716736,0.00010800361633300781,4.483737746918402,0.2117506045551104,0.2117506045551104,False,False,0.0
107612245893,2648,0,0,0,0,0,0,0,0,0.1960500031709671,0.559158980846405,0.3631089776754379,0.00011000037193303891,4.573589705898351,0.2060755427924625,0.2060755427924625,False,False,0.0
116511157824,3430,0,0,0,0,0,0,0,0,0.5197129845619202,1.0,0.48028701543807983,0.0001290440559387207,0.9801354253182359,0.0,0.0,False,False,0.0
107117998555,2089,0,0,0,0,0,0,0,0,0.1742520034313202,0.4079329967498779,0.23368099331855768,0.00010199844837185945,3.328745428988547,0.09196294671888426,0.09196294671888426,False,False,0.0
106410338011,2298,0,0,0,0,0,0,0,0,0.154786005616188,0.4088729918003082,0.25408698618412023,0.00010001659393310547,3.212063610426441,0.09754549881245038,0.09754549881245038,False,False,0.0
115397171966,3763,0,0,0,0,0,0,0,0,0.4628869891166687,1.0,0.5371130108833313,0.00013297796249389648,1.3612285676304772,0.7025571670823832,0.7025571670823832,False,False,0.0
111102225300,4725,0,0,0,0,0,0,0,0,0.3091540038585663,1.0,0.6908459961414337,0.00012505054473876953,3.1791436179104755,0.4331249222152097,0.4331249222152097,False,False,0.0
106190530572,1703,0,0,0,0,0,0,0,0,0.1374949961900711,0.3022480010986328,0.1647530049085617,8.699297904968262e-05,1.1649657538561933,0.10432603345016658,0.10432603345016658,False,False,0.0
108031396666,5632,0,0,0,0,0,0,0,0,0.2205740064382553,1.0,0.7794259935617447,0.00011998414993286133,2.702076023066391,0.15467359792903335,0.15467359792903335,False,False,0.0
106707499947,4267,0,0,0,0,0,0,0,0,0.16423100233078,0.7497749924659729,0.5855439901351929,0.0001099705696105957,3.644629897772174,0.13303762455213328,0.13303762455213328,False,False,0.0
106842306128,6131,0,0,0,0,0,0,0,0,0.16423100233078,1.0,0.83576899766922,0.00011897087097167969,2.6248710493092853,0.2619984114822858,0.2619984114822858,False,False,0.0
106291464474,2124,0,0,0,0,0,0,0,0,0.1691669970750808,0.4061029851436615,0.2369359880685807,0.00010198354721069336,3.1430633341927297,0.27039040583931045,0.27039040583931045,False,False,0.0
106143625509,1513,0,0,0,0,0,0,0,0,0.1187120005488395,0.2703509926795959,0.15163899213075638,9.299814701080322e-05,0.8942743719891266,0.12194093140050091,0.12194093140050091,False,False,0.0
105209804502,5782,0,0,0,0,0,0,0,0,0.2019429951906204,1.0,0.7980570048093796,0.00012004375457763672,3.1626032743690105,0.31685078275641815,0.31685078275641815,False,False,0.0
108484477038,1779,0,0,0,0,0,0,0,0,0.2272039949893951,0.4516499936580658,0.22444599866867068,9.799003601068668e-05,5.745496963811997,0.28564558066634016,0.28564558066634016,False,False,0.0
113734865729,3870,0,0,0,0,0,0,0,0,0.4408130049705505,1.0,0.5591869950294495,0.0001329779624940075,1.4764056887673305,0.0,0.0,False,False,0.0
111128163906,4713,0,0,0,0,0,0,0,0,0.3091540038585663,1.0,0.6908459961414337,0.00012600421905517578,3.1855691274376627,0.0,0.0,False,False,0.0
106296610367,272,0,0,0,0,0,0,0,0,0.1336410045623779,0.1577489972114563,0.024107992649078397,8.699297904971037e-05,0.17806929101778132,0.00381615220105456,0.00381615220105456,True,False,0.0
107081188862,284,0,0,0,0,0,0,0,0,0.2019429951906204,0.234275996685028,0.0323330014944076,0.000125005841255188,0.221686691070655,0.02848516773886832,0.02848516773886832,True,False,0.0
108611226460,5499,0,0,0,0,0,0,0,0,0.23403300344944,1.0,0.76596699655056,0.00011998414993283357,2.717594200496957,0.46184121895194197,0.46184121895194197,False,False,0.0
113407863416,726,0,0,0,0,0,0,0,0,0.3754439949989319,0.5012239813804626,0.12577998638153076,0.00013101100921625308,5.552734358148076,0.0,0.0,False,False,0.0
111522173945,4696,0,0,0,0,0,0,0,0,0.3261770009994507,1.0,0.6738229990005493,0.00012600421905517578,2.900870638989356,0.5787144553756179,0.5787144553756179,False,False,0.0
112554673559,4165,0,0,0,0,0,0,0,0,0.3754439949989319,0.9920729994773864,0.6166290044784545,0.00012999773025512695,2.9969397822196977,0.6159862848101917,0.6159862848101917,False,False,0.0
115721883548,3764,0,0,0,0,0,0,0,0,0.4628869891166687,1.0,0.5371130108833313,0.00013297796249389648,1.3603350129794125,0.6844587011740051,0.6844587011740051,False,False,0.0
107082981178,2484,0,0,0,0,0,0,0,0,0.1794900000095367,0.5012270212173462,0.3217370212078095,0.00010700523853310329,4.812035817736397,0.1216588674216035,0.1216588674216035,False,False,0.0
107036871723,3441,0,0,0,0,0,0,0,0,0.1847749948501587,0.6704609990119934,0.4856860041618347,0.00011500716209414397,3.9038782202902347,0.2675639958426488,0.2675639958426488,False,False,0.0
107809214344,1582,0,0,0,0,0,0,0,0,0.214138001203537,0.3894949853420257,0.17535698413848871,8.800625801086426e-05,3.860913804813152,0.6991111834730183,0.6991111834730183,False,False,0.0
110376907402,1907,0,0,0,0,0,0,0,0,0.2964229881763458,0.6090379953384399,0.3126150071620941,0.0001229941844940463,4.468724965349635,0.0,0.0,False,False,0.0
108825028011,3939,0,0,0,0,0,0,0,0,0.2482399940490722,0.8090230226516724,0.5607830286026001,0.00011301040649414062,3.666434872954601,0.0,0.0,False,False,0.0
112937587005,4409,0,0,0,0,0,0,0,0,0.3539569973945617,1.0,0.6460430026054382,0.0001289844512939453,2.9412061470077573,0.0,0.0,False,False,0.0
107190501848,5679,0,0,0,0,0,0,0,0,0.214138001203537,1.0,0.785861998796463,0.00011998414993286133,3.1054050487881772,0.43921350071426196,0.43921350071426196,False,False,0.0
109801556111,2669,0,0,0,0,0,0,0,0,0.2712230086326599,0.684660017490387,0.41343700885772705,0.00011998414993286133,4.023954143765289,0.3240906347773359,0.3240906347773359,False,False,0.0
108403870826,3065,0,0,0,0,0,0,0,0,0.2410680055618286,0.6932219862937927,0.4521539807319641,0.00011402368545532227,3.9662280491801125,0.3907635035332061,0.3907635035332061,False,False,0.0
108736019837,4451,0,0,0,0,0,0,0,0,0.23403300344944,0.8508899807929993,0.6168569773435593,0.00011396408081054688,3.5661783325771177,0.0,0.0,False,False,0.0
118780584575,2673,0,0,0,0,0,0,0,0,0.6392409801483154,1.0,0.36075901985168457,0.0001240372657775879,1.0882468690715519,0.5222379658628818,0.5222379658628818,False,False,0.0
107244413221,5980,0,0,0,0,0,0,0,0,0.1794900000095367,1.0,0.8205099999904633,0.00011903047561645508,3.1354771585258527,0.28071847384039955,0.28071847384039955,False,False,0.0
109188277478,4042,0,0,0,0,0,0,0,0,0.2557010054588318,0.8368369936943054,0.5811359882354736,0.00011497735977172852,3.6058097983020776,0.6298507442785752,0.6298507442785752,False,False,0.0
105415440878,4783,0,0,0,0,0,0,0,0,0.1691669970750808,0.815667986869812,0.6465009897947313,0.00011295080184936523,3.4933268065646104,0.31379736853502377,0.31379736853502377,False,False,0.0
110889311383,4752,0,0,0,0,0,0,0,0,0.2964229881763458,1.0,0.7035770118236542,0.00012499094009399414,3.2494470403361553,0.35621783972951354,0.35621783972951354,False,False,0.0
101975633378,6462,0,0,0,0,0,0,0,0,0.1336410045623779,1.0,0.8663589954376221,0.0001170039176940918,3.088443910300655,0.31225734587713605,0.31225734587713605,False,False,0.0
107242114387,5926,0,0,0,0,0,0,0,0,0.1847749948501587,1.0,0.8152250051498413,0.00011998414993286133,3.1435734642999162,0.11533920012610786,0.11533920012610786,False,False,0.0
111926540757,2580,0,0,0,0,0,0,0,0,0.3336020112037658,0.7308120131492615,0.39721000194549566,0.00012999773025512695,3.569000771671045,0.47766082569861873,0.47766082569861873,False,False,0.0
109379648946,5294,0,0,0,0,0,0,0,0,0.2482399940490722,1.0,0.7517600059509277,0.00012099742889404297,3.2216595856497676,0.0,0.0,False,False,0.0
106949870169,6077,0,0,0,0,0,0,0,0,0.1691669970750808,1.0,0.8308330029249192,0.00011897087097167969,3.121350124721752,0.4077692873906775,0.4077692873906775,False,False,0.0
104363831287,5881,0,0,0,0,0,0,0,0,0.1903290003538131,1.0,0.8096709996461869,0.00011998414993286133,3.1532390724304564,0.2200617412721587,0.2200617412721587,False,False,0.0
106331086396,2496,0,0,0,0,0,0,0,0,0.1336410045623779,0.4039439857006073,0.27030298113822937,9.79900360107977e-05,3.14625323727191,0.14735696669287995,0.14735696669287995,False,False,0.0
106112171921,3172,0,0,0,0,0,0,0,0,0.1054510027170181,0.5012149810791016,0.39576397836208344,0.00010401010513311215,4.423343898234182,0.07356161997066918,0.07356161997066918,False,False,0.0
107864379245,3228,0,0,0,0,0,0,0,0,0.23403300344944,0.7036669850349426,0.4696339815855026,0.00011199712753290347,3.9451677644661363,0.423453346161702,0.423453346161702,False,False,0.0
100844079187,1733,0,0,0,0,0,0,0,0,0.1374949961900711,0.3117280006408691,0.17423300445079798,8.699297904971037e-05,2.223218069722487,0.07146182206679935,0.07146182206679935,False,False,0.0
114598873446,3918,0,0,0,0,0,0,0,0,0.4103260040283203,1.0,0.5896739959716797,0.00013202428817749023,3.0355936372325303,0.5893714884573953,0.5893714884573953,False,False,0.0
106078542900,1238,0,0,0,0,0,0,0,0,0.1054510027170181,0.2389429956674575,0.1334919929504394,0.00010700523853299226,0.22150062548142915,0.1278124140480725,0.1278124140480725,False,False,0.0
106988058012,5916,0,0,0,0,0,0,0,0,0.1847749948501587,1.0,0.8152250051498413,0.00011998414993286133,3.1439752513981754,0.24360428584610108,0.24360428584610108,False,False,0.0
107602106159,5830,0,0,0,0,0,0,0,0,0.1960500031709671,1.0,0.8039499968290329,0.00011999905109399966,3.1610725426235886,0.4430594461157093,0.4430594461157093,False,False,0.0
106864840313,1434,0,0,0,0,0,0,0,0,0.16423100233078,0.3117280006408691,0.14749699831008908,8.597970008850098e-05,1.8549481373742749,0.06902560384774914,0.06902560384774914,False,False,0.0
115721181932,3812,0,0,0,0,0,0,0,0,0.4483169913291931,1.0,0.5516830086708069,0.00013303756713867188,1.4866993230664773,0.7349392617850327,0.7349392617850327,False,False,0.0
107302200776,2163,0,0,0,0,0,0,0,0,0.2712230086326599,0.6063439846038818,0.3351209759712219,0.0001179873943329135,4.236466182555935,0.2885255167858117,0.2885255167858117,False,False,0.0
106956655722,5876,0,0,0,0,0,0,0,0,0.1903290003538131,1.0,0.8096709996461869,0.00011998414993286133,3.1511031786225256,0.3144031074294449,0.3144031074294449,False,False,0.0
106858395511,5762,0,0,0,0,0,0,0,0,0.2019429951906204,1.0,0.7980570048093796,0.00012004375457763672,2.9139494980311715,0.0,0.0,False,False,0.0
108212553724,5503,0,0,0,0,0,0,0,0,0.23403300344944,1.0,0.76596699655056,0.00011998414993286133,3.0873306231909345,0.0,0.0,False,False,0.0
107773546159,5777,0,0,0,0,0,0,0,0,0.2019429951906204,1.0,0.7980570048093796,0.00012004375457763672,3.166111052917461,0.40857676833294126,0.40857676833294126,False,False,0.0
111710902145,4514,0,0,0,0,0,0,0,0,0.3436290025711059,1.0,0.656370997428894,0.00012701749801635742,2.927414845698277,0.0,0.0,False,False,0.0
108616028674,5390,0,0,0,0,0,0,0,0,0.2410680055618286,1.0,0.7589319944381714,0.00012001395225530453,3.223616266193807,0.4097311613203275,0.4097311613203275,False,False,0.0
110201755321,540,0,0,0,0,0,0,0,0,0.3539569973945617,0.4152849912643432,0.061327993869781494,0.00011399388313287906,0.0701118460279224,0.1880878169485643,0.1880878169485643,False,False,0.0
106712114620,3480,0,0,0,0,0,0,0,0,0.2080119997262954,0.7049840092658997,0.4969720095396043,0.00011301040649419614,3.283447773836134,0.2502529217290857,0.2502529217290857,False,False,0.0
110815526165,2079,0,0,0,0,0,0,0,0,0.3091540038585663,0.6441100239753723,0.33495602011680603,0.00013300776481628418,4.208857287802484,0.7844611464154357,0.7844611464154357,False,False,0.0
106702637713,3196,0,0,0,0,0,0,0,0,0.1594389975070953,0.5887429714202881,0.42930397391319275,0.00011000037193292789,4.251887016411007,0.19036940584243744,0.19036940584243744,False,False,0.0
114339984584,4008,0,0,0,0,0,0,0,0,0.3983530104160309,1.0,0.6016469895839691,0.00013199448585510254,3.0236942028085987,0.4728700421534194,0.4728700421534194,False,False,0.0
101758117427,5164,0,0,0,0,0,0,0,0,0.1847749948501587,0.8893589973449707,0.704584002494812,0.00011599063873291016,3.37196359050649,0.2879515560413973,0.2879515560413973,False,False,0.0
108137848032,5627,0,0,0,0,0,0,0,0,0.2205740064382553,1.0,0.7794259935617447,0.00011998414993286133,3.206535647035856,0.32289255732086086,0.32289255732086086,False,False,0.0
108117507246,4259,0,0,0,0,0,0,0,0,0.2410680055618286,0.8399440050125122,0.5988759994506836,0.00011399388313287906,3.59739660219155,0.38539684410168096,0.38539684410168096,False,False,0.0
107209426082,1817,0,0,0,0,0,0,0,0,0.1847749948501587,0.3875389993190765,0.2027640044689178,9.799003601076994e-05,3.5799313601220972,0.13944252708590515,0.13944252708590515,False,False,0.0
111228029378,4718,0,0,0,0,0,0,0,0,0.3091540038585663,1.0,0.6908459961414337,0.00012505054473876953,3.1810374617200714,0.605511250727699,0.605511250727699,False,False,0.0
106320054689,6030,0,0,0,0,0,0,0,0,0.1742520034313202,1.0,0.8257479965686798,0.00011900067329406738,3.1276223304646713,0.45240157856147745,0.45240157856147745,False,False,0.0
107121372861,5828,0,0,0,0,0,0,0,0,0.1960500031709671,1.0,0.8039499968290329,0.00012001395225519351,2.7325430026262136,0.4482910984249362,0.4482910984249362,False,False,0.0
105282152635,1422,0,0,0,0,0,0,0,0,0.1336410045623779,0.2710680067539215,0.1374270021915436,9.000301361078433e-05,0.9461491148547936,0.06914222391372186,0.06914222391372186,False,False,0.0
114618235723,3876,0,0,0,0,0,0,0,0,0.4407469928264618,1.0,0.5592530071735382,0.00013297796249389648,1.4788799521319167,0.7087379939385315,0.7087379939385315,False,False,0.0
112945158868,4282,0,0,0,0,0,0,0,0,0.3645960092544555,0.9948490262031556,0.6302530169487002,0.0001289844512939453,2.968775391152095,0.0,0.0,False,False,0.0
110227663616,4773,0,0,0,0,0,0,0,0,0.2964229881763458,1.0,0.7035770118236542,0.00012499094009399414,3.2402555805559237,0.0,0.0,False,False,0.0
107569859979,4206,0,0,0,0,0,0,0,0,0.1960500031709671,0.7766619920730591,0.580611988902092,0.00011199712753290347,3.650975586030281,0.24296947781131778,0.24296947781131778,False,False,0.0
110508886754,4722,0,0,0,0,0,0,0,0,0.3091540038585663,1.0,0.6908459961414337,0.00012499094009399414,3.1802629056775067,0.4697076844796452,0.4697076844796452,False,False,0.0
115756232588,3670,0,0,0,0,0,0,0,0,0.4756720066070556,1.0,0.5243279933929443,0.00013202428817749023,1.3813014328728228,0.037197883221602855,0.037197883221602855,False,False,0.0
111209480517,4685,0,0,0,0,0,0,0,0,0.3261770009994507,1.0,0.6738229990005493,0.00012600421905517578,2.9060602829796593,0.7525078563458565,0.7525078563458565,False,False,0.0
102588485308,867,0,0,0,0,0,0,0,0,0.1336410045623779,0.2243980020284652,0.09075699746608729,0.00010399520397180728,0.1605540235895966,0.18232180447276336,0.18232180447276336,False,False,0.0
107524836339,1397,0,0,0,0,0,0,0,0,0.1960500031709671,0.3523919880390167,0.15634198486804962,8.499622344973479e-05,4.068251762094926,0.08597815102326552,0.08597815102326552,False,False,0.0
107994209484,5126,0,0,0,0,0,0,0,0,0.2645600140094757,1.0,0.7354399859905243,0.00012201070785522461,3.222151443861681,0.3833876120256514,0.3833876120256514,False,False,0.0
106783503520,6230,0,0,0,0,0,0,0,0,0.154786005616188,1.0,0.845213994383812,0.00011801719665527344,3.107544584590592,0.2926792240897072,0.2926792240897072,False,False,0.0
108154068714,5631,0,0,0,0,0,0,0,0,0.2205740064382553,1.0,0.7794259935617447,0.00011998414993286133,3.203895801415009,0.30887711947562546,0.30887711947562546,False,False,0.0
114120823152,4006,0,0,0,0,0,0,0,0,0.3983530104160309,1.0,0.6016469895839691,0.00013199448585510254,3.0203796955691575,0.0,0.0,False,False,0.0
117484044413,2806,0,0,0,0,0,0,0,0,0.6204959750175476,1.0,0.3795040249824524,0.0001240372657775879,1.1202008796123761,0.0,0.0,False,False,0.0
111164639965,3144,0,0,0,0,0,0,0,0,0.3336020112037658,0.7962319850921631,0.4626299738883973,0.00011602044105529785,3.3984028246675186,0.6215682684709924,0.6215682684709924,False,False,0.0
107440741425,2331,0,0,0,0,0,0,0,0,0.1960500031709671,0.5012149810791016,0.30516497790813446,0.00010597705841070004,4.919993457595686,0.12005903529299926,0.12005903529299926,False,False,0.0
103414619687,837,0,0,0,0,0,0,0,0,0.0993862003087997,0.1901880055665969,0.0908018052577972,0.00010250508785239476,0.2051246811807492,0.08292815452788051,0.08292815452788051,False,False,0.0
106227167337,3676,0,0,0,0,0,0,0,0,0.1336410045623779,0.6224340200424194,0.4887930154800415,0.00010898709297180176,3.8490505007665834,0.2827511960730606,0.2827511960730606,False,False,0.0
107243255518,2154,0,0,0,0,0,0,0,0,0.1847749948501587,0.4597490131855011,0.2749740183353424,0.000102996826171875,5.231503036666857,0.22136194958986777,0.22136194958986777,False,False,0.0
108604652636,5201,0,0,0,0,0,0,0,0,0.2557010054588318,1.0,0.7442989945411682,0.00012199580669403076,3.223965276229947,0.2469745776997611,0.2469745776997611,False,False,0.0
108442605250,5499,0,0,0,0,0,0,0,0,0.23403300344944,1.0,0.76596699655056,0.00011998414993280582,2.7824740119131466,0.3592855305144084,0.3592855305144084,False,False,0.0
107706936290,2744,0,0,0,0,0,0,0,0,0.2205740064382553,0.6062600016593933,0.385685995221138,0.00011098384857172183,4.39105493523415,0.24096805970602522,0.24096805970602522,False,False,0.0
100980924244,4941,0,0,0,0,0,0,0,0,0.2793760001659393,1.0,0.7206239998340607,0.0001239776611328125,3.2319500561513808,0.5327213101303155,0.5327213101303155,False,False,0.0
107684078773,5824,0,0,0,0,0,0,0,0,0.1960500031709671,1.0,0.8039499968290329,0.00011999905109411069,3.161391646166725,0.009015429610793362,0.009015429610793362,False,False,0.0
106463334345,6427,0,0,0,0,0,0,0,0,0.1374949961900711,1.0,0.8625050038099289,0.0001170039176940918,2.554379164959569,0.0,0.0,False,False,0.0
107700441597,2639,0,0,0,0,0,0,0,0,0.1960500031709671,0.5576750040054321,0.361625000834465,0.00011000037193303891,4.582374331502221,0.21665210785964184,0.21665210785964184,False,False,0.0
106603170446,6227,0,0,0,0,0,0,0,0,0.154786005616188,1.0,0.845213994383812,0.00011801719665527344,3.106111435026929,0.3356574317138511,0.3356574317138511,False,False,0.0
108340468215,5131,0,0,0,0,0,0,0,0,0.2645600140094757,1.0,0.7354399859905243,0.00012201070785522461,3.223460971134235,0.3719565668343144,0.3719565668343144,False,False,0.0
115487896817,3673,0,0,0,0,0,0,0,0,0.4756720066070556,1.0,0.5243279933929443,0.00013202428817749023,1.375849651854456,0.6486227208096055,0.6486227208096055,False,False,0.0
109024403311,2863,0,0,0,0,0,0,0,0,0.2645600140094757,0.7044749855995178,0.4399149715900421,0.00011798739433288574,3.949846174422007,0.24917097963654095,0.24917097963654095,False,False,0.0
108371336680,5198,0,0,0,0,0,0,0,0,0.2557010054588318,1.0,0.7442989945411682,0.0001220107078551691,3.2232546923249994,0.30180091477196586,0.30180091477196586,False,False,0.0
106214296461,380,0,0,0,0,0,0,0,0,0.1416279971599578,0.1773940026760101,0.0357660055160523,9.399652481081877e-05,0.1091605475536863,0.22524264482863873,0.22524264482863873,True,False,0.0
111984063286,2350,0,0,0,0,0,0,0,0,0.3261770009994507,0.6893960237503052,0.3632190227508545,0.00013402104377752133,3.6614820471127825,0.4809851120909034,0.4809851120909034,False,False,0.0
107032707889,6081,0,0,0,0,0,0,0,0,0.1691669970750808,1.0,0.8308330029249192,0.00011900067329401187,2.998079250462924,0.24279272395230245,0.24279272395230245,False,False,0.0
106503810548,1425,0,0,0,0,0,0,0,0,0.1416279971599578,0.2786329984664917,0.1370050013065339,8.90046358108798e-05,0.9495228137023767,0.2847931043858962,0.2847931043858962,False,False,0.0
111038325262,4695,0,0,0,0,0,0,0,0,0.3261289894580841,1.0,0.6738710105419159,0.00012600421905517578,2.908650806558246,0.4134551134232993,0.4134551134232993,False,False,0.0
106913736802,4642,0,0,0,0,0,0,0,0,0.2205740064382553,0.8572800159454346,0.6367060095071793,0.00011399388313293457,3.497878139180855,0.369991825384847,0.369991825384847,False,False,0.0
107900413613,5395,0,0,0,0,0,0,0,0,0.2410680055618286,1.0,0.7589319944381714,0.00012001395225519351,3.221716965548495,0.4277962463144271,0.4277962463144271,False,False,0.0
109748305935,5125,0,0,0,0,0,0,0,0,0.2645600140094757,1.0,0.7354399859905243,0.00012201070785522461,3.224599249566474,0.5777072756545879,0.5777072756545879,False,False,0.0
106440266962,2874,0,0,0,0,0,0,0,0,0.1416279971599578,0.4997699856758117,0.3581419885158539,0.00010299682617190276,4.649836138749472,0.20534371796012327,0.20534371796012327,False,False,0.0
103375780494,6184,0,0,0,0,0,0,0,0,0.1594389975070953,1.0,0.8405610024929047,0.00011801719665527344,3.0940933068793277,0.3025483266935642,0.3025483266935642,False,False,0.0
114442154333,3920,0,0,0,0,0,0,0,0,0.4103260040283203,1.0,0.5896739959716797,0.00013297796249378546,3.032879541691865,0.5128593316869317,0.5128593316869317,False,False,0.0
109205370488,2797,0,0,0,0,0,0,0,0,0.2645600140094757,0.6932219862937927,0.428661972284317,0.00011900067329406738,3.9681553234823093,0.28004550210939355,0.28004550210939355,False,False,0.0
104238226934,6178,0,0,0,0,0,0,0,0,0.1594389975070953,1.0,0.8405610024929047,0.00011801719665527344,3.111617021069944,0.1996218907539979,0.1996218907539979,False,False,0.0
108969023745,5391,0,0,0,0,0,0,0,0,0.2410680055618286,1.0,0.7589319944381714,0.00012001395225519351,3.22584615903805,0.5496905385679784,0.5496905385679784,False,False,0.0
106713814935,5438,0,0,0,0,0,0,0,0,0.154786005616188,0.8865810036659241,0.731794998049736,0.00011402368545532227,3.1766437039584363,0.0,0.0,False,False,0.0
110892318199,4591,0,0,0,0,0,0,0,0,0.3091079890727997,0.9821159839630128,0.6730079948902131,0.0001240372657775879,3.2336641181862804,0.5324678274909743,0.5324678274909743,False,False,0.0
116978548104,3429,0,0,0,0,0,0,0,0,0.5197129845619202,1.0,0.48028701543807983,0.0001290440559387207,0.9841394906639824,0.4592142671787452,0.4592142671787452,False,False,0.0
106841089209,5122,0,0,0,0,0,0,0,0,0.1794900000095367,0.8746179938316345,0.6951279938220978,0.00011500716209411621,3.393354668136026,0.292089476250957,0.292089476250957,False,False,0.0
107008872842,1941,0,0,0,0,0,0,0,0,0.1960500031709671,0.4152770042419433,0.2192270010709762,9.998679161077328e-05,3.4384807514387794,0.34093552405082506,0.34093552405082506,False,False,0.0
106259346586,1474,0,0,0,0,0,0,0,0,0.1297409981489181,0.2732439935207367,0.1435029953718186,8.998811244961824e-05,0.9277252258379397,0.07610295106405028,0.07610295106405028,False,False,0.0
105105581678,6079,0,0,0,0,0,0,0,0,0.1691669970750808,1.0,0.8308330029249192,0.00011897087097167969,3.12098478629118,0.19373155935730924,0.19373155935730924,False,False,0.0
106252531219,1430,0,0,0,0,0,0,0,0,0.1336410045623779,0.2715499997138977,0.1379089951515198,8.998811244961824e-05,0.6799241999392812,0.2420507112112084,0.2420507112112084,False,False,0.0
108004004982,1682,0,0,0,0,0,0,0,0,0.2205740064382553,0.406711995601654,0.1861379891633987,9.199976921075992e-05,3.7540759650745756,0.0,0.0,False,False,0.0
110542144445,4854,0,0,0,0,0,0,0,0,0.2895680069923401,1.0,0.7104319930076599,0.0001240372657775879,3.1573034663171224,0.0,0.0,False,False,0.0
109937478005,4004,0,0,0,0,0,0,0,0,0.3983530104160309,1.0,0.6016469895839691,0.00013202428817749023,3.021414805403791,0.6121215144321682,0.6121215144321682,False,False,0.0
107358570238,3750,0,0,0,0,0,0,0,0,0.2019429951906204,0.7322070002555847,0.5302640050649643,0.00011098384857177734,3.7769284444169005,0.0,0.0,False,False,0.0
109760298768,5125,0,0,0,0,0,0,0,0,0.2645600140094757,1.0,0.7354399859905243,0.00012201070785522461,3.12037396634666,0.35381088127613425,0.35381088127613425,False,False,0.0
111850083753,4615,0,0,0,0,0,0,0,0,0.3336020112037658,1.0,0.6663979887962341,0.00012695789337158203,2.9125122302664415,0.0,0.0,False,False,0.0
109759118615,1579,0,0,0,0,0,0,0,0,0.2712230086326599,0.5142040252685547,0.24298101663589478,0.0001100003719329834,5.246487231773441,0.189602715044232,0.189602715044232,False,False,0.0
107229404945,4832,0,0,0,0,0,0,0,0,0.1847749948501587,0.8438630104064941,0.6590880155563354,0.00011402368545532227,3.473708975354069,0.19727714592831724,0.19727714592831724,False,False,0.0
108293303279,3602,0,0,0,0,0,0,0,0,0.2272039949893951,0.7377030253410339,0.5104990303516388,0.00010800361633300781,3.8459534985283836,0.27542401254443566,0.27542401254443566,False,False,0.0
107682651665,2514,0,0,0,0,0,0,0,0,0.2272039949893951,0.5763440132141113,0.3491400182247162,0.00010699033737188168,4.6469527782331355,0.2598897414853113,0.2598897414853113,False,False,0.0
112601875815,4517,0,0,0,0,0,0,0,0,0.3436290025711059,1.0,0.656370997428894,0.00012701749801635742,2.927153813936539,0.48118892728511553,0.48118892728511553,False,False,0.0
112568510631,4519,0,0,0,0,0,0,0,0,0.3436290025711059,1.0,0.656370997428894,0.00012701749801635742,2.926900351181156,0.302281594808899,0.302281594808899,False,False,0.0
104783659627,4833,0,0,0,0,0,0,0,0,0.2482399940490722,0.9302939772605896,0.6820539832115173,0.00011801719665527344,3.3743026080522247,0.4759632488671857,0.4759632488671857,False,False,0.0
106969588033,1191,0,0,0,0,0,0,0,0,0.1691669970750808,0.2840049862861633,0.11483798921108249,8.201599121088199e-05,1.0343817741010937,0.0700813207092529,0.0700813207092529,False,False,0.0
106948406634,3249,0,0,0,0,0,0,0,0,0.1691669970750808,0.616204023361206,0.4470370262861253,0.00011201202869413895,4.118675803973829,0.21970152346253566,0.21970152346253566,False,False,0.0
106846985506,3099,0,0,0,0,0,0,0,0,0.16423100233078,0.5805950164794922,0.41636401414871216,0.00011000037193292789,4.31718324705113,0.18748461977066908,0.18748461977066908,False,False,0.0
106934774201,6130,0,0,0,0,0,0,0,0,0.16423100233078,1.0,0.83576899766922,0.00011897087097167969,3.116711151476213,0.43856960091719643,0.43856960091719643,False,False,0.0
110000030494,1214,0,0,0,0,0,0,0,0,0.2712230086326599,0.44752898812294,0.1763059794902801,0.00010401010513311215,6.008103108681625,0.42531779472998366,0.42531779472998366,False,False,0.0
106930174520,6126,0,0,0,0,0,0,0,0,0.16423100233078,1.0,0.83576899766922,0.00011897087097167969,3.1161683897896557,0.34997677201133615,0.34997677201133615,False,False,0.0
114898122435,3865,0,0,0,0,0,0,0,0,0.4408130049705505,1.0,0.5591869950294495,0.00013297796249389648,1.4853588211579845,0.6504565691932549,0.6504565691932549,False,False,0.0
107910121890,4923,0,0,0,0,0,0,0,0,0.214138001203537,0.8910560011863708,0.6769179999828339,0.00011599063873291016,3.345101712140366,0.2751361420090225,0.2751361420090225,False,False,0.0
106421986411,5984,0,0,0,0,0,0,0,0,0.1458850055932998,0.950901985168457,0.8050169795751572,0.00011599063873291016,3.199951119833937,0.0,0.0,False,False,0.0
106261421465,1281,0,0,0,0,0,0,0,0,0.1374949961900711,0.2601360082626343,0.12264101207256317,9.299814701080322e-05,0.22800763857459275,0.019104652212515824,0.019104652212515824,False,False,0.0
111177285675,887,0,0,0,0,0,0,0,0,0.3261770009994507,0.4497959911823272,0.12361899018287653,0.0001100003719329834,6.101238052962935,0.7880845185530753,0.7880845185530753,False,False,0.0
102761690605,2173,0,0,0,0,0,0,0,0,0.1297409981489181,0.3645159900188446,0.2347749918699265,9.199976921081543e-05,3.379348162345559,0.13551218962947725,0.13551218962947725,False,False,0.0
117800748020,3002,0,0,0,0,0,0,0,0,0.5848979949951172,1.0,0.4151020050048828,0.00012600421905517578,1.0562874728975675,0.561539093336029,0.561539093336029,False,False,0.0
107872363722,5666,0,0,0,0,0,0,0,0,0.214138001203537,1.0,0.785861998796463,0.00011998414993286133,3.191034246982704,0.39964525974725157,0.39964525974725157,False,False,0.0
108885227278,4218,0,0,0,0,0,0,0,0,0.3754439949989319,1.0,0.6245560050010681,0.0001309812068938654,2.9753094860648908,0.5004570393071928,0.5004570393071928,False,False,0.0
102290215509,1623,0,0,0,0,0,0,0,0,0.1594389975070953,0.3396889865398407,0.1802499890327454,8.800625801091977e-05,3.570427539909157,0.08600264608264514,0.08600264608264514,False,False,0.0
109163537546,1759,0,0,0,0,0,0,0,0,0.2482399940490722,0.4951109886169433,0.2468709945678711,0.00010499358177179507,4.649716311612109,0.36540068974708617,0.36540068974708617,False,False,0.0
108555806475,798,0,0,0,0,0,0,0,0,0.2410680055618286,0.3352980017662048,0.09422999620437617,8.100271224981137e-05,4.464690681917325,0.06887284405190126,0.06887284405190126,False,False,0.0
106075714499,3686,0,0,0,0,0,0,0,0,0.1023729965090751,0.5845950245857239,0.48222202807664877,0.00010898709297180176,4.042840805924491,0.0,0.0,False,False,0.0
112814314713,4418,0,0,0,0,0,0,0,0,0.3539569973945617,1.0,0.6460430026054382,0.00012803077697753906,2.9407465294521193,0.7385077023726697,0.7385077023726697,False,False,0.0
110378378821,2541,0,0,0,0,0,0,0,0,0.3261770009994507,0.7161499857902527,0.389972984790802,0.0001310110092163086,3.591233727686018,0.005592678575277367,0.005592678575277367,False,False,0.0
107213717612,998,0,0,0,0,0,0,0,0,0.2080119997262954,0.3007999956607818,0.09278799593448642,7.998943328862973e-05,1.5275853632171337,0.6566909650183721,0.6566909650183721,False,False,0.0
112200432258,4614,0,0,0,0,0,0,0,0,0.3336020112037658,1.0,0.6663979887962341,0.00012600421905517578,2.9225333318378452,0.4980778696248221,0.4980778696248221,False,False,0.0
110164466539,2369,0,0,0,0,0,0,0,0,0.3261770009994507,0.6932219862937927,0.36704498529434204,0.00013598799705510922,3.637032813408605,0.21082136663682424,0.21082136663682424,False,False,0.0
106768038218,2249,0,0,0,0,0,0,0,0,0.16423100233078,0.4152770042419433,0.25104600191116333,0.00010199844837191496,3.2170613110623343,0.014543064537153424,0.014543064537153424,False,False,0.0
110248988301,4856,0,0,0,0,0,0,0,0,0.2895680069923401,1.0,0.7104319930076599,0.0001240372657775879,3.0174297885762438,0.5279921983852564,0.5279921983852564,False,False,0.0
106573036592,1500,0,0,0,0,0,0,0,0,0.154786005616188,0.3007999956607818,0.1460139900445938,8.699297904968262e-05,1.1803432350011298,0.08294987780687951,0.08294987780687951,False,False,0.0
107653752758,5781,0,0,0,0,0,0,0,0,0.2019429951906204,1.0,0.7980570048093796,0.00012004375457763672,3.053035076600526,0.3626688978721441,0.3626688978721441,False,False,0.0
113673590942,4217,0,0,0,0,0,0,0,0,0.3754439949989319,1.0,0.6245560050010681,0.0001309663057326993,2.916995552984779,0.5094760023824443,0.5094760023824443,False,False,0.0
108324713121,5499,0,0,0,0,0,0,0,0,0.23403300344944,1.0,0.76596699655056,0.00011998414993286133,3.2208232271958246,0.3725474545103497,0.3725474545103497,False,False,0.0
